id,title,url,detail_url,gallery,gallery_industry,site_type,industry,thumb,fetched_at
muuuuu-24766,JR東日本 障がい者採用,https://recruit-diversity.jreast.co.jp/,https://muuuuu.org/industry/car/24766.html,muuuuu,car,recruit,manufacturing,https://muuuuu.org/wp-content/uploads/2026/08/01-768x576.jpg,2026-09-03T14:05:47+09:00
muuuuu-24761,HOY,https://houseofyellow.nl/,,muuuuu,,other,other,https://muuuuu.org/wp-content/uploads/2026/08/34-768x576.png,2026-09-03T14:05:47+09:00
muuuuu-24759,Melius,https://www.melius.com/,https://muuuuu.org/industry/technology/24759.html,muuuuu,technology,other,it,https://muuuuu.org/wp-content/uploads/2026/08/33-768x576.png,2026-09-03T14:05:47+09:00
muuuuu-24754,Orgnzm Studio,https://orgnzm.studio/,,muuuuu,,other,other,https://muuuuu.org/wp-content/uploads/2026/08/32-768x576.png,2026-09-03T14:05:47+09:00
muuuuu-24751,Class A Business Center,https://likova.space/,https://muuuuu.org/industry/building/24751.html,muuuuu,building,other,construction,https://muuuuu.org/wp-content/uploads/2026/08/31-768x576.png,2026-09-03T14:05:47+09:00
muuuuu-24748,株式会社トンマナ,https://tonmana.co.jp/,,muuuuu,,corporate,other,https://muuuuu.org/wp-content/uploads/2026/08/3027-768x576.png,2026-09-03T14:05:47+09:00
muuuuu-24742,PX PUSH,https://pxpush.com/,,muuuuu,,other,other,https://muuuuu.org/wp-content/uploads/2026/08/image-31-768x576.webp,2026-09-03T14:05:47+09:00
muuuuu-24738,株式会社住宅ファミリー社,https://www.jyuutaku-family.co.jp/,https://muuuuu.org/industry/building/24738.html,muuuuu,building,corporate,construction,https://muuuuu.org/wp-content/uploads/2026/08/29-1-768x576.png,2026-09-03T14:05:47+09:00
muuuuu-24733,Tarzan Web,https://tarzanweb.jp/,,muuuuu,,other,other,https://muuuuu.org/wp-content/uploads/2026/08/29-768x576.png,2026-09-03T14:05:47+09:00
muuuuu-24731,STAGE Lab,https://stagelab.inkdom.jp/,https://muuuuu.org/industry/building/24731.html,muuuuu,building,other,construction,https://muuuuu.org/wp-content/uploads/2026/08/27.png,2026-09-03T14:05:47+09:00
muuuuu-24724,TRUNK(HOTEL) CAT STREET WEDDING,https://wedding.trunk-hotel.com/catstreet,https://muuuuu.org/industry/wedding/24724.html,muuuuu,wedding,other,other,https://muuuuu.org/wp-content/uploads/2026/08/image-34-768x576.png,2026-09-03T14:05:47+09:00
muuuuu-24722,VENUS PLANET,https://venusplanet.co.jp/,https://muuuuu.org/industry/company/24722.html,muuuuu,company,corporate,manufacturing,https://muuuuu.org/wp-content/uploads/2026/08/23-768x576.png,2026-09-03T14:05:47+09:00
muuuuu-24714,Revelatio,https://revelatio.studio/,,muuuuu,,other,other,https://muuuuu.org/wp-content/uploads/2026/08/25-768x576.png,2026-09-03T14:05:47+09:00
muuuuu-24708,ANDMADE Inc.,https://andmade.jp/,https://muuuuu.org/industry/art/24708.html,muuuuu,art,corporate,other,https://muuuuu.org/wp-content/uploads/2026/08/mu21-768x576.png,2026-09-03T14:05:47+09:00
muuuuu-24705,Milk Network,https://milknetwork.com/,,muuuuu,,other,other,https://muuuuu.org/wp-content/uploads/2026/08/2218-768x576.webp,2026-09-03T14:05:47+09:00
muuuuu-24700,KINDAI GRAFFITI,https://kindai-graffiti.kindai.ac.jp/,https://muuuuu.org/industry/school/24700.html,muuuuu,school,public,education,https://muuuuu.org/wp-content/uploads/2026/08/2017-768x576.webp,2026-09-03T14:05:47+09:00
muuuuu-24673,採用サイト｜越前信用金庫,https://www.shinkin.co.jp/echishin/recruit/,https://muuuuu.org/industry/finance/24673.html,muuuuu,finance,recruit,professional,https://muuuuu.org/wp-content/uploads/2026/08/12-768x576.webp,2026-09-03T14:05:47+09:00
muuuuu-24671,AI in Design Report 2026,https://stateofaidesign.com/,https://muuuuu.org/industry/technology/24671.html,muuuuu,technology,other,it,https://muuuuu.org/wp-content/uploads/2026/08/10-768x576.webp,2026-09-03T14:05:47+09:00
muuuuu-24669,EIGHT DESIGN INC.,https://eightdesign.co.jp/,https://muuuuu.org/industry/building/24669.html,muuuuu,building,corporate,construction,https://muuuuu.org/wp-content/uploads/2026/08/16-768x576.webp,2026-09-03T14:05:47+09:00
muuuuu-24667,TBWA\HAKUHODO,https://www.tbwahakuhodo.co.jp/,,muuuuu,,corporate,other,https://muuuuu.org/wp-content/uploads/2026/08/18-768x576.webp,2026-09-03T14:05:47+09:00
muuuuu-24665,NPO法人 日本タイポグラフィ協会,https://typography.or.jp/,https://muuuuu.org/industry/art/24665.html,muuuuu,art,corporate,other,https://muuuuu.org/wp-content/uploads/2026/08/13-768x576.webp,2026-09-03T14:05:47+09:00
muuuuu-24662,IDEE INC.,https://idee-kobe.com/,,muuuuu,,corporate,other,https://muuuuu.org/wp-content/uploads/2026/08/17-768x576.webp,2026-09-03T14:05:47+09:00
muuuuu-24660,AFURI BREWING,https://afuribrewing.com/,https://muuuuu.org/industry/food/24660.html,muuuuu,food,other,food,https://muuuuu.org/wp-content/uploads/2026/08/14-768x576.webp,2026-09-03T14:05:47+09:00
muuuuu-24658,Laxer Brands,https://davidlaxer.com/,,muuuuu,,other,other,https://muuuuu.org/wp-content/uploads/2026/08/15-768x576.webp,2026-09-03T14:05:47+09:00
muuuuu-24637,Alethia,https://www.alethia.earth/,https://muuuuu.org/industry/eco/24637.html,muuuuu,eco,other,manufacturing,https://muuuuu.org/wp-content/uploads/2026/08/09-768x576.webp,2026-09-03T14:05:47+09:00
muuuuu-24630,ニシザキ工芸株式会社 塗装部,https://tosou.nishizaki.co.jp/,https://muuuuu.org/industry/interior/24630.html,muuuuu,interior,corporate,construction,https://muuuuu.org/wp-content/uploads/2026/08/0887-768x576.webp,2026-09-03T14:05:47+09:00
muuuuu-24619,Sui,https://www.sui.io/,https://muuuuu.org/industry/technology/24619.html,muuuuu,technology,other,it,https://muuuuu.org/wp-content/uploads/2026/08/0786-768x576.webp,2026-09-03T14:05:47+09:00
muuuuu-24614,ギフティグループ株式会社,https://giftee-group.com/,https://muuuuu.org/industry/technology/24614.html,muuuuu,technology,corporate,it,https://muuuuu.org/wp-content/uploads/2026/08/0285-768x576.webp,2026-09-03T14:05:47+09:00
muuuuu-24605,株式会社ポジティブドリームパーソンズ,https://www.positive.co.jp/,https://muuuuu.org/industry/wedding/24605.html,muuuuu,wedding,corporate,other,https://muuuuu.org/wp-content/uploads/2026/08/05-768x576.webp,2026-09-03T14:05:47+09:00
muuuuu-24603,Izanami,https://izanami-official.com/,,muuuuu,,other,other,https://muuuuu.org/wp-content/uploads/2026/08/06-768x576.webp,2026-09-03T14:05:47+09:00
muuuuu-24601,Spark Journal by KDDI,https://spark-journal.kddi.com/,https://muuuuu.org/industry/company/24601.html,muuuuu,company,other,manufacturing,https://muuuuu.org/wp-content/uploads/2026/08/04-768x576.webp,2026-09-03T14:05:47+09:00
muuuuu-24595,採用情報｜株式会社デジタルマーケティングジャパン,https://dmj-japan.co.jp/recruit/,,muuuuu,,recruit,it,https://muuuuu.org/wp-content/uploads/2026/08/03-768x576.webp,2026-09-03T14:05:47+09:00
muuuuu-24591,株式会社ギフティ,https://giftee.co.jp/,https://muuuuu.org/industry/technology/24591.html,muuuuu,technology,corporate,it,https://muuuuu.org/wp-content/uploads/2026/07/0172-768x576.webp,2026-09-03T14:05:47+09:00
muuuuu-24586,EZOBOLIC,https://corp.ezobolic.jp/,https://muuuuu.org/industry/sports/24586.html,muuuuu,sports,corporate,other,https://muuuuu.org/wp-content/uploads/2026/07/FireShot-Capture-1372-EZOBOLIC-Corporate-Site-corp.ezobolic.jp_-768x576.webp,2026-09-03T14:05:47+09:00
muuuuu-24575,mud Inc.,https://mud.co.jp/,,muuuuu,,corporate,other,https://muuuuu.org/wp-content/uploads/2026/07/FireShot-Capture-1367-mud-Inc.-mud.co_.jp_-768x576.png,2026-09-03T14:05:47+09:00
muuuuu-24556,Benjamin Creative,https://benjamincreative.me/,https://muuuuu.org/industry/art/24556.html,muuuuu,art,other,other,https://muuuuu.org/wp-content/uploads/2026/07/image-27-768x576.webp,2026-09-03T14:05:47+09:00
muuuuu-24561,WANDY,https://wandy.co.jp/,https://muuuuu.org/industry/building/24561.html,muuuuu,building,corporate,construction,https://muuuuu.org/wp-content/uploads/2026/07/30-1-768x576.webp,2026-09-03T14:05:47+09:00
muuuuu-24564,日本新薬株式会社 | 新卒採用サイト,https://www.nippon-shinyaku.co.jp/recruit/,https://muuuuu.org/industry/hospital/24564.html,muuuuu,hospital,recruit,medical,https://muuuuu.org/wp-content/uploads/2026/07/27-768x576.webp,2026-09-03T14:05:47+09:00
muuuuu-24559,ETOHA LAB,https://etoha-lab.co.jp/,https://muuuuu.org/industry/art/24559.html,muuuuu,art,corporate,other,https://muuuuu.org/wp-content/uploads/2026/07/32-768x576.webp,2026-09-03T14:05:47+09:00
muuuuu-24545,採用情報 &#8211; TYO,https://tyo.co.jp/recruit/,https://muuuuu.org/industry/entertainment/24545.html,muuuuu,entertainment,recruit,other,https://muuuuu.org/wp-content/uploads/2026/07/31-768x576.webp,2026-09-03T14:05:47+09:00
muuuuu-24535,RGFプロフェッショナルリクルートメントジャパン,https://www.rgf-professional.jp/,,muuuuu,,recruit,other,https://muuuuu.org/wp-content/uploads/2026/07/image-26-768x576.webp,2026-09-03T14:05:47+09:00
muuuuu-24528,We Inc.,https://wewewe.jp/,,muuuuu,,corporate,other,https://muuuuu.org/wp-content/uploads/2026/07/20721-768x576.webp,2026-09-03T14:05:47+09:00
muuuuu-24518,CCTP,https://sstr.tech/,https://muuuuu.org/industry/company/24518.html,muuuuu,company,other,manufacturing,https://muuuuu.org/wp-content/uploads/2026/07/18-768x576.webp,2026-09-03T14:05:47+09:00
muuuuu-24515,DELFONICS,https://www.delfonics.com/,https://muuuuu.org/industry/interior/24515.html,muuuuu,interior,other,construction,https://muuuuu.org/wp-content/uploads/2026/07/19715-768x576.webp,2026-09-03T14:05:47+09:00
muuuuu-24414,株式会社シムディレクト,https://www.symdirect.co.jp/,https://muuuuu.org/industry/technology/24414.html,muuuuu,technology,corporate,it,https://muuuuu.org/wp-content/uploads/2026/07/13-768x576.webp,2026-09-03T14:05:47+09:00
muuuuu-24418,GIZMODO JAPAN,https://www.gizmodo.jp/,https://muuuuu.org/industry/technology/24418.html,muuuuu,technology,other,it,https://muuuuu.org/wp-content/uploads/2026/07/16-768x576.webp,2026-09-03T14:05:47+09:00
muuuuu-24416,Made With Gsap,https://madewithgsap.com/,,muuuuu,,other,other,https://muuuuu.org/wp-content/uploads/2026/07/14-768x576.webp,2026-09-03T14:05:47+09:00
muuuuu-24423,核點 Nudot Studio,https://nudot.com.tw,,muuuuu,,other,other,https://muuuuu.org/wp-content/uploads/2026/07/17-768x576.webp,2026-09-03T14:05:47+09:00
muuuuu-24408,AAA11Y,https://www.aaa11y.com/,https://muuuuu.org/industry/technology/24408.html,muuuuu,technology,other,it,https://muuuuu.org/wp-content/uploads/2026/07/15-768x576.webp,2026-09-03T14:05:47+09:00
muuuuu-24355,FIGARO,https://www.figaro-vis.jp/,https://muuuuu.org/industry/interior/24355.html,muuuuu,interior,other,construction,https://muuuuu.org/wp-content/uploads/2026/07/11.webp,2026-09-03T14:05:47+09:00
muuuuu-24399,株式会社サンベルクス 採用サイト,https://recruit.sunbelx.com/,https://muuuuu.org/industry/shopping/24399.html,muuuuu,shopping,recruit,retail,https://muuuuu.org/wp-content/uploads/2026/07/12-768x576.webp,2026-09-03T14:05:47+09:00
muuuuu-24353,金澤工務店,https://kanazawa-c.co.jp/,https://muuuuu.org/industry/building/24353.html,muuuuu,building,corporate,construction,https://muuuuu.org/wp-content/uploads/2026/07/10.webp,2026-09-03T14:05:47+09:00
muuuuu-24351,フラッグシップ株式会社,https://flagship.inc/,https://muuuuu.org/industry/technology/24351.html,muuuuu,technology,corporate,it,https://muuuuu.org/wp-content/uploads/2026/07/09.webp,2026-09-03T14:05:47+09:00
muuuuu-24345,やまうちの鶏,https://yamauchinotori.jp/,https://muuuuu.org/industry/food/24345.html,muuuuu,food,other,food,https://muuuuu.org/wp-content/uploads/2026/07/08.webp,2026-09-03T14:05:47+09:00
muuuuu-24342,Rollbahn 25th Anniversary,https://rollbahn.jp/25th/,https://muuuuu.org/industry/interior/24342.html,muuuuu,interior,other,construction,https://muuuuu.org/wp-content/uploads/2026/07/07.webp,2026-09-03T14:05:47+09:00
muuuuu-24336,Cipher Digital,https://cipherdigital.com/,https://muuuuu.org/industry/technology/24336.html,muuuuu,technology,other,it,https://muuuuu.org/wp-content/uploads/2026/07/05.webp,2026-09-03T14:05:47+09:00
muuuuu-24334,めおと | ふたりで楽しむ暮らしのギフト,https://meoto.jp/,https://muuuuu.org/industry/interior/24334.html,muuuuu,interior,other,construction,https://muuuuu.org/wp-content/uploads/2026/07/06.webp,2026-09-03T14:05:47+09:00
muuuuu-24332,YO KAN KA,https://yokanka.com/,https://muuuuu.org/industry/food/24332.html,muuuuu,food,other,food,https://muuuuu.org/wp-content/uploads/2026/07/04.webp,2026-09-03T14:05:47+09:00
muuuuu-24326,Wolverine Worldwide,https://wolverineworldwide.com/,https://muuuuu.org/industry/fashionall/24326.html,muuuuu,fashionall,other,other,https://muuuuu.org/wp-content/uploads/2026/07/03.webp,2026-09-03T14:05:47+09:00
muuuuu-24323,おしえて！アミタさん,https://www.amita-oshiete.jp/,https://muuuuu.org/industry/eco/24323.html,muuuuu,eco,other,manufacturing,https://muuuuu.org/wp-content/uploads/2026/07/01.webp,2026-09-03T14:05:47+09:00
muuuuu-24318,株式会社カオナビ 採用サイト,https://recruit.kaonavi.jp/?link=glonavi,https://muuuuu.org/industry/technology/24318.html,muuuuu,technology,recruit,it,https://muuuuu.org/wp-content/uploads/2026/07/3172.webp,2026-09-03T14:05:47+09:00
muuuuu-24312,医療技術評価（HTA）教育プログラム,https://hta-program.jp/,https://muuuuu.org/industry/school/24312.html,muuuuu,school,other,education,https://muuuuu.org/wp-content/uploads/2026/07/301.webp,2026-09-03T14:05:47+09:00
muuuuu-24303,株式会社ShareDan,https://www.sharedan.co.jp/,https://muuuuu.org/industry/technology/24303.html,muuuuu,technology,corporate,it,https://muuuuu.org/wp-content/uploads/2026/06/image-29.webp,2026-09-03T14:05:47+09:00
muuuuu-24299,株式会社22世紀アート,https://22art.jp/,https://muuuuu.org/industry/publication/24299.html,muuuuu,publication,corporate,other,https://muuuuu.org/wp-content/uploads/2026/06/image-28.webp,2026-09-03T14:05:47+09:00
muuuuu-24295,Eleos,https://www.eleos.la/,,muuuuu,,other,other,https://muuuuu.org/wp-content/uploads/2026/06/27.webp,2026-09-03T14:05:47+09:00
muuuuu-24291,Volt,https://voltlites.com/,https://muuuuu.org/industry/entertainment/24291.html,muuuuu,entertainment,other,other,https://muuuuu.org/wp-content/uploads/2026/06/26.webp,2026-09-03T14:05:47+09:00
muuuuu-24289,Get Blue,https://www.getblue.com/,,muuuuu,,other,other,https://muuuuu.org/wp-content/uploads/2026/06/25.webp,2026-09-03T14:05:47+09:00
muuuuu-24268,MONOLOG,https://bymonolog.com/,https://muuuuu.org/industry/art/24268.html,muuuuu,art,other,other,https://muuuuu.org/wp-content/uploads/2026/06/24.webp,2026-09-03T14:05:47+09:00
muuuuu-24261,株式会社スピークバディ,https://www.speakbuddy.com/,https://muuuuu.org/industry/technology/24261.html,muuuuu,technology,corporate,it,https://muuuuu.org/wp-content/uploads/2026/06/21.webp,2026-09-03T14:05:47+09:00
muuuuu-24257,UGOKKO（うごっこ）,https://ugokko.jp/,https://muuuuu.org/industry/kids/24257.html,muuuuu,kids,other,other,https://muuuuu.org/wp-content/uploads/2026/06/17.webp,2026-09-03T14:05:47+09:00
muuuuu-24237,株式会社Nicoli &#8211; 実況ベイビー,https://nicoli.jp/,,muuuuu,,corporate,other,https://muuuuu.org/wp-content/uploads/2026/06/15.webp,2026-09-03T14:05:47+09:00
muuuuu-24252,PP Neue Montreal,https://neuemontreal.com/,https://muuuuu.org/industry/art/24252.html,muuuuu,art,other,other,https://muuuuu.org/wp-content/uploads/2026/06/22.webp,2026-09-03T14:05:47+09:00
muuuuu-24241,株式会社TriOrb,https://triorb.co.jp/,https://muuuuu.org/industry/technology/24241.html,muuuuu,technology,corporate,it,https://muuuuu.org/wp-content/uploads/2026/06/18.webp,2026-09-03T14:05:47+09:00
muuuuu-24233,内藤・大塚法律事務所,https://naito-otsuka.com/,https://muuuuu.org/industry/finance/24233.html,muuuuu,finance,other,professional,https://muuuuu.org/wp-content/uploads/2026/06/20.webp,2026-09-03T14:05:47+09:00
muuuuu-24231,シンカ株式会社,https://shinka-inc.com/,https://muuuuu.org/industry/building/24231.html,muuuuu,building,corporate,construction,https://muuuuu.org/wp-content/uploads/2026/06/16.webp,2026-09-03T14:05:47+09:00
muuuuu-24222,/zeroz（ゼロズ）公式サイト,https://otsuka-air.jp/,,muuuuu,,other,other,https://muuuuu.org/wp-content/uploads/2026/06/19.webp,2026-09-03T14:05:47+09:00
muuuuu-24212,BlueBank株式会社,https://bluebank.co.jp/,https://muuuuu.org/industry/technology/24212.html,muuuuu,technology,corporate,it,https://muuuuu.org/wp-content/uploads/2026/06/1120.webp,2026-09-03T14:05:47+09:00
muuuuu-24194,夏季インターンシップ | 新卒採用 | JR東日本,https://recruit.jreast.co.jp/internship/summer/,https://muuuuu.org/industry/company/24194.html,muuuuu,company,recruit,manufacturing,https://muuuuu.org/wp-content/uploads/2026/06/1118.webp,2026-09-03T14:05:47+09:00
muuuuu-24162,株式会社アイトー,https://aito.co.jp/,https://muuuuu.org/industry/interior/24162.html,muuuuu,interior,corporate,construction,https://muuuuu.org/wp-content/uploads/2026/06/12.webp,2026-09-03T14:05:47+09:00
muuuuu-24191,株式会社黒鳥社,https://blkswn.tokyo/,https://muuuuu.org/industry/publication/24191.html,muuuuu,publication,corporate,other,https://muuuuu.org/wp-content/uploads/2026/06/11.webp,2026-09-03T14:05:47+09:00
muuuuu-24176,J-CAT株式会社,https://j-cat.co.jp/,https://muuuuu.org/industry/trip/24176.html,muuuuu,trip,corporate,other,https://muuuuu.org/wp-content/uploads/2026/06/image-14.webp,2026-09-03T14:05:47+09:00
muuuuu-24159,ひとりごこち Inc.,https://hitorigocochi.com/,https://muuuuu.org/industry/art/24159.html,muuuuu,art,corporate,other,https://muuuuu.org/wp-content/uploads/2026/06/image-13.webp,2026-09-03T14:05:47+09:00
muuuuu-24155,syuz&#8217;gen,https://syuzgen.com/,https://muuuuu.org/industry/art/24155.html,muuuuu,art,other,other,https://muuuuu.org/wp-content/uploads/2026/06/10.webp,2026-09-03T14:05:47+09:00
muuuuu-24124,株式会社獅子,https://shishi-w.com/,,muuuuu,,corporate,other,https://muuuuu.org/wp-content/uploads/2026/06/07.webp,2026-09-03T14:05:47+09:00
muuuuu-24121,BERG ONISHI INC.,https://berg-onishi.co.jp/,https://muuuuu.org/industry/interior/24121.html,muuuuu,interior,corporate,construction,https://muuuuu.org/wp-content/uploads/2026/06/08.webp,2026-09-03T14:05:47+09:00
muuuuu-24114,那須 扇屋,https://www.nasu-ougiya.com/,https://muuuuu.org/industry/food/24114.html,muuuuu,food,other,food,https://muuuuu.org/wp-content/uploads/2026/06/09.webp,2026-09-03T14:05:47+09:00
muuuuu-24111,ZettaJoule,https://zetta-joule.com/,https://muuuuu.org/industry/company/24111.html,muuuuu,company,other,manufacturing,https://muuuuu.org/wp-content/uploads/2026/06/02.webp,2026-09-03T14:05:47+09:00
muuuuu-24103,リバネスナレッジ,https://k.lne.st/,https://muuuuu.org/industry/technology/24103.html,muuuuu,technology,other,it,https://muuuuu.org/wp-content/uploads/2026/06/05.webp,2026-09-03T14:05:47+09:00
muuuuu-24039,Price &amp; Pierce,https://www.price-pierce.co.uk/,https://muuuuu.org/industry/company/24039.html,muuuuu,company,other,manufacturing,https://muuuuu.org/wp-content/uploads/2026/06/image-2.webp,2026-09-03T14:05:47+09:00
muuuuu-24096,KEI inc.,https://kei-inc.jp/,https://muuuuu.org/industry/art/24096.html,muuuuu,art,other,other,https://muuuuu.org/wp-content/uploads/2026/06/06.webp,2026-09-03T14:05:47+09:00
muuuuu-24037,G Mining Services Inc.,https://gmining.com/,https://muuuuu.org/industry/building/24037.html,muuuuu,building,corporate,construction,https://muuuuu.org/wp-content/uploads/2026/06/image-1.webp,2026-09-03T14:05:47+09:00
muuuuu-24027,デジタルグリッド株式会社,https://www.digitalgrid.com/,https://muuuuu.org/industry/company/24027.html,muuuuu,company,corporate,manufacturing,https://muuuuu.org/wp-content/uploads/2026/06/image-3.webp,2026-09-03T14:05:47+09:00
muuuuu-24024,博報堂 HAKUHODO Inc.,https://www.hakuhodo.co.jp/,,muuuuu,,corporate,other,https://muuuuu.org/wp-content/uploads/2026/05/3123.webp,2026-09-03T14:05:47+09:00
muuuuu-24021,QANDO,https://qando.co.jp/,,muuuuu,,corporate,other,https://muuuuu.org/wp-content/uploads/2026/05/30.webp,2026-09-03T14:05:47+09:00
muuuuu-24017,Konel Inc.,https://www.konel.co.jp/,https://muuuuu.org/industry/art/24017.html,muuuuu,art,corporate,other,https://muuuuu.org/wp-content/uploads/2026/05/29.webp,2026-09-03T14:05:47+09:00
muuuuu-23986,集英社 2026年度定期採用情報,https://www.shueisha.co.jp/2026saiyo/,https://muuuuu.org/industry/publication/23986.html,muuuuu,publication,recruit,other,https://muuuuu.org/wp-content/uploads/2026/05/28234.webp,2026-09-03T14:05:47+09:00
muuuuu-23902,Billboard Live,https://www.billboard-live.com/,https://muuuuu.org/industry/music/23902.html,muuuuu,music,other,other,https://muuuuu.org/wp-content/uploads/2026/05/272134e.webp,2026-09-03T14:05:47+09:00
muuuuu-23754,nirnor inc.,https://nirnor.jp/,https://muuuuu.org/industry/building/23754.html,muuuuu,building,other,construction,https://muuuuu.org/wp-content/uploads/2026/05/2623.webp,2026-09-03T14:05:47+09:00
muuuuu-23718,URBAN HOME,https://urbanhome-tt.com/,https://muuuuu.org/industry/building/23718.html,muuuuu,building,other,construction,https://muuuuu.org/wp-content/uploads/2026/05/2523.webp,2026-09-03T14:05:47+09:00
muuuuu-23713,dotsandlines,https://www.dotsandlines.io/en/,,muuuuu,,other,other,https://muuuuu.org/wp-content/uploads/2026/05/242.webp,2026-09-03T14:05:47+09:00
muuuuu-23710,Fluid Glass,https://fluid.glass/,https://muuuuu.org/industry/company/23710.html,muuuuu,company,other,manufacturing,https://muuuuu.org/wp-content/uploads/2026/05/232.webp,2026-09-03T14:05:47+09:00
muuuuu-23706,irep.inc.,https://irep.inc/,,muuuuu,,other,other,https://muuuuu.org/wp-content/uploads/2026/05/2222.webp,2026-09-03T14:05:47+09:00
muuuuu-23701,【公式】ツクリオ(Tsuklio),https://www.tsuklio.com/,https://muuuuu.org/industry/food/23701.html,muuuuu,food,other,food,https://muuuuu.org/wp-content/uploads/2026/05/20345.webp,2026-09-03T14:05:47+09:00
muuuuu-23696,王将フードサービス採用サイト,https://recruit.ohsho.co.jp/,https://muuuuu.org/industry/restaurant/23696.html,muuuuu,restaurant,recruit,other,https://muuuuu.org/wp-content/uploads/2026/05/192.webp,2026-09-03T14:05:47+09:00
muuuuu-23688,WGB ✦ B2B Growth Agency,https://wgb.agency/,,muuuuu,,other,other,https://muuuuu.org/wp-content/uploads/2026/05/213.webp,2026-09-03T14:05:47+09:00
muuuuu-23677,男を輝かせるBarber｜DAN BRISE,https://www.danbrise-barber.com/,https://muuuuu.org/industry/beauty/23677.html,muuuuu,beauty,other,other,https://muuuuu.org/wp-content/uploads/2026/05/image-26.webp,2026-09-03T14:05:47+09:00
muuuuu-23663,monaka design.,https://monakadesign.com/,,muuuuu,,other,other,https://muuuuu.org/wp-content/uploads/2026/05/image-23.webp,2026-09-03T14:05:47+09:00
muuuuu-23660,サンフロロシステム株式会社,https://www.sunfluoro.co.jp/,https://muuuuu.org/industry/company/23660.html,muuuuu,company,corporate,manufacturing,https://muuuuu.org/wp-content/uploads/2026/05/15.webp,2026-09-03T14:05:47+09:00
muuuuu-23673,Will Style Inc.,https://willstyle.co.jp/,,muuuuu,,corporate,other,https://muuuuu.org/wp-content/uploads/2026/05/16.webp,2026-09-03T14:05:47+09:00
muuuuu-23655,IMAYO Official Website,https://imayo.co.jp/,https://muuuuu.org/industry/watch/23655.html,muuuuu,watch,corporate,other,https://muuuuu.org/wp-content/uploads/2026/05/13c3.webp,2026-09-03T14:05:47+09:00
muuuuu-23648,合同会社レンズ,https://lens-llc.co.jp/,,muuuuu,,corporate,other,https://muuuuu.org/wp-content/uploads/2026/05/thumb-lens.webp,2026-09-03T14:05:47+09:00
muuuuu-23641,KAISEI SADATOKI,https://kaiseisadatoki-v4.vercel.app/,,muuuuu,,service,it,https://muuuuu.org/wp-content/uploads/2026/05/182.webp,2026-09-03T14:05:47+09:00
muuuuu-23637,Re Loop,https://re-loop.jp/,https://muuuuu.org/industry/building/23637.html,muuuuu,building,other,construction,https://muuuuu.org/wp-content/uploads/2026/05/image-18.webp,2026-09-03T14:05:47+09:00
muuuuu-23633,JINS HOLDINGS,https://jinsholdings.com/jp/ja,https://muuuuu.org/industry/fashionall/23633.html,muuuuu,fashionall,other,other,https://muuuuu.org/wp-content/uploads/2026/05/image-17.webp,2026-09-03T14:05:47+09:00
muuuuu-23629,横浜銀行 IT・デジタル人財向け採用サイト,https://redesign.boy.co.jp/,https://muuuuu.org/industry/finance/23629.html,muuuuu,finance,corporate,professional,https://muuuuu.org/wp-content/uploads/2026/05/10.webp,2026-09-03T14:05:47+09:00
muuuuu-23611,peace put,https://peaceput.com/,https://muuuuu.org/industry/restaurant/23611.html,muuuuu,restaurant,other,other,https://muuuuu.org/wp-content/uploads/2026/04/image-14.webp,2026-09-03T14:05:47+09:00
muuuuu-23599,日経電子版 for Education｜公式サイト,https://www.nikkei.com/promotion/education/,https://muuuuu.org/industry/school/23599.html,muuuuu,school,other,education,https://muuuuu.org/wp-content/uploads/2026/04/image-15.webp,2026-09-03T14:05:47+09:00
muuuuu-23605,果思設計,https://www.goonsdesign.com/,,muuuuu,,other,construction,https://muuuuu.org/wp-content/uploads/2026/04/image-5.webp,2026-09-03T14:05:47+09:00
muuuuu-23597,四国洗機工業株式会社,https://www.shikokusenki.com/,https://muuuuu.org/industry/company/23597.html,muuuuu,company,corporate,manufacturing,https://muuuuu.org/wp-content/uploads/2026/04/image-6.webp,2026-09-03T14:05:47+09:00
muuuuu-23589,豊田自動織機技能専修学園,https://gakuen.toyota-shokki.co.jp/,https://muuuuu.org/industry/school/23589.html,muuuuu,school,corporate,education,https://muuuuu.org/wp-content/uploads/2026/04/image-10.webp,2026-09-03T14:05:47+09:00
muuuuu-23551,vivace,https://vivace-inc.co.jp/,https://muuuuu.org/industry/publication/23551.html,muuuuu,publication,corporate,other,https://muuuuu.org/wp-content/uploads/2026/04/29.webp,2026-09-03T14:05:47+09:00
muuuuu-23581,Nothing,https://jp.nothing.tech/,https://muuuuu.org/industry/electrical/23581.html,muuuuu,electrical,other,other,https://muuuuu.org/wp-content/uploads/2026/04/06.webp,2026-09-03T14:05:47+09:00
muuuuu-23585,中田工芸株式会社,https://www.nakatakogei.com/,https://muuuuu.org/industry/company/23585.html,muuuuu,company,corporate,manufacturing,https://muuuuu.org/wp-content/uploads/2026/04/01.webp,2026-09-03T14:05:47+09:00
muuuuu-23571,株式会社ユニシアホールディングス 採用サイト,https://recruit.unisia.co.jp/,https://muuuuu.org/industry/restaurant/23571.html,muuuuu,restaurant,recruit,other,https://muuuuu.org/wp-content/uploads/2026/04/04-1.webp,2026-09-03T14:05:47+09:00
muuuuu-23570,NEWBIRD,https://newbird.co.kr/,,muuuuu,,other,other,https://muuuuu.org/wp-content/uploads/2026/04/03.webp,2026-09-03T14:05:47+09:00
muuuuu-23561,東京都私学財団,https://www.shigaku-tokyo.or.jp/,https://muuuuu.org/industry/school/23561.html,muuuuu,school,corporate,education,https://muuuuu.org/wp-content/uploads/2026/04/26.webp,2026-09-03T14:05:47+09:00
muuuuu-23556,Payn,https://payn.io/,https://muuuuu.org/industry/technology/23556.html,muuuuu,technology,other,it,https://muuuuu.org/wp-content/uploads/2026/04/30.webp,2026-09-03T14:05:47+09:00
muuuuu-23490,PICNIC MOTEL House Project,https://picnic-motel-house.dolive.media/,https://muuuuu.org/industry/building/23490.html,muuuuu,building,other,construction,https://muuuuu.org/wp-content/uploads/2026/04/22.webp,2026-09-03T14:05:47+09:00
muuuuu-23530,ラヴィピュール,https://www.la-viepure.com/,https://muuuuu.org/industry/fashion/23530.html,muuuuu,fashion,other,other,https://muuuuu.org/wp-content/uploads/2026/04/28.webp,2026-09-03T14:05:47+09:00
muuuuu-23535,株式会社 土と風,https://tsuchitokaze.co.jp/,,muuuuu,,corporate,other,https://muuuuu.org/wp-content/uploads/2026/04/24.webp,2026-09-03T14:05:47+09:00
muuuuu-23525,白骨温泉,https://www.shirahone.org/,https://muuuuu.org/industry/trip/23525.html,muuuuu,trip,other,other,https://muuuuu.org/wp-content/uploads/2026/04/234.webp,2026-09-03T14:05:47+09:00
muuuuu-23522,SateBiz,https://satebiz.com/,https://muuuuu.org/industry/technology/23522.html,muuuuu,technology,other,it,https://muuuuu.org/wp-content/uploads/2026/04/25.webp,2026-09-03T14:05:47+09:00
muuuuu-23517,Shigetaka Ikemoto Official Website,https://ikemotoshigetaka.com/,https://muuuuu.org/industry/music/23517.html,muuuuu,music,other,other,https://muuuuu.org/wp-content/uploads/2026/04/27.webp,2026-09-03T14:05:47+09:00
muuuuu-23508,OASIZ,https://oasiz.org/,,muuuuu,,other,other,https://muuuuu.org/wp-content/uploads/2026/04/31.webp,2026-09-03T14:05:47+09:00
muuuuu-23364,金山町観光物産協会 公式サイト,https://www.kaneyama-kankou.ne.jp/,,muuuuu,,other,other,https://muuuuu.org/wp-content/uploads/2026/03/04.webp,2026-09-03T14:05:47+09:00
muuuuu-23506,全国空き家対策コンソーシアム,https://www.j-akiya.jp/,,muuuuu,,other,other,https://muuuuu.org/wp-content/uploads/2026/04/21.webp,2026-09-03T14:05:47+09:00
muuuuu-23378,ふみの Official site,https://fumino.b-rave.tokyo/,https://muuuuu.org/industry/music/23378.html,muuuuu,music,other,other,https://muuuuu.org/wp-content/uploads/2026/03/10-1.webp,2026-09-03T14:05:47+09:00
muuuuu-23504,NERD,https://nerd-creation.com/,,muuuuu,,other,other,https://muuuuu.org/wp-content/uploads/2026/04/image-23.webp,2026-09-03T14:05:47+09:00
muuuuu-23483,4WIDE,https://4wide.jp/,,muuuuu,,other,other,https://muuuuu.org/wp-content/uploads/2026/04/41520.webp,2026-09-03T14:05:47+09:00
muuuuu-23380,SHIN KA,https://shinka-masumi.jp/,https://muuuuu.org/industry/building/23380.html,muuuuu,building,other,construction,https://muuuuu.org/wp-content/uploads/2026/03/11-2.webp,2026-09-03T14:05:47+09:00
muuuuu-23469,株式会社CRAYON,https://c-rayon.com/,,muuuuu,,corporate,other,https://muuuuu.org/wp-content/uploads/2026/04/image-21.webp,2026-09-03T14:05:47+09:00
muuuuu-23361,公益財団法人吉田秀雄記念事業財団,https://www.yhmf.jp/,,muuuuu,,public,other,https://muuuuu.org/wp-content/uploads/2026/03/03.webp,2026-09-03T14:05:47+09:00
muuuuu-23453,インプロダクション株式会社,https://in-pro.co.jp/,https://muuuuu.org/industry/art/23453.html,muuuuu,art,corporate,other,https://muuuuu.org/wp-content/uploads/2026/03/13-1.webp,2026-09-03T14:05:47+09:00
muuuuu-23457,中途採用 特設サイト | 株式会社GA technologies,https://midcareer-recruit.ga-tech.co.jp/,,muuuuu,,recruit,other,https://muuuuu.org/wp-content/uploads/2026/04/17.webp,2026-09-03T14:05:47+09:00
muuuuu-23448,STUDIO DETAILS,https://www.details.co.jp/,https://muuuuu.org/industry/art/23448.html,muuuuu,art,corporate,it,https://muuuuu.org/wp-content/uploads/2026/04/16.webp,2026-09-03T14:05:47+09:00
muuuuu-23382,スポーツ情報学部 2027年4月開設予定（設置構想中）｜中央大学公式サイト,https://sdb.chuo-u.ac.jp/,https://muuuuu.org/industry/school/23382.html,muuuuu,school,public,education,https://muuuuu.org/wp-content/uploads/2026/03/12-1.webp,2026-09-03T14:05:47+09:00
muuuuu-23376,Tattoo Studio Ray&#8217;s,https://tattoo-rays.com/?lang=ja,https://muuuuu.org/industry/beauty/23376.html,muuuuu,beauty,other,other,https://muuuuu.org/wp-content/uploads/2026/03/09-1.webp,2026-09-03T14:05:47+09:00
muuuuu-23374,neie,https://neie.jp/,https://muuuuu.org/industry/building/23374.html,muuuuu,building,other,construction,https://muuuuu.org/wp-content/uploads/2026/03/08-1.webp,2026-09-03T14:05:47+09:00
muuuuu-23372,株式会社三崎組,https://www.misakigumi.com/,https://muuuuu.org/industry/building/23372.html,muuuuu,building,corporate,construction,https://muuuuu.org/wp-content/uploads/2026/03/07-1.webp,2026-09-03T14:05:47+09:00
muuuuu-23366,FOLLOW.ART,https://follow.art/,,muuuuu,,other,other,https://muuuuu.org/wp-content/uploads/2026/03/05.webp,2026-09-03T14:05:47+09:00
muuuuu-23368,株式会社内田産業,https://uchida-sangyou.co.jp/,https://muuuuu.org/industry/building/23368.html,muuuuu,building,corporate,construction,https://muuuuu.org/wp-content/uploads/2026/03/06.webp,2026-09-03T14:05:47+09:00
muuuuu-23396,採用情報 | SOMPOビジネスサービス株式会社,https://sjnkbs.co.jp/recruiting/,https://muuuuu.org/industry/company/23396.html,muuuuu,company,recruit,manufacturing,https://muuuuu.org/wp-content/uploads/2026/04/15.webp,2026-09-03T14:05:47+09:00
muuuuu-23386,SHIBUYA STREET LIVE 公式サイト,https://shibuyastreetlive.jp/,https://muuuuu.org/industry/music/23386.html,muuuuu,music,other,other,https://muuuuu.org/wp-content/uploads/2026/04/14.webp,2026-09-03T14:05:47+09:00
muuuuu-23347,ようこそ！ナミナミダンボール沼へ,https://nami-nami.jp/,https://muuuuu.org/industry/company/23347.html,muuuuu,company,other,manufacturing,https://muuuuu.org/wp-content/uploads/2026/03/02.webp,2026-09-03T14:05:47+09:00
muuuuu-23329,株式会社ユニッジ,https://unidge.co.jp/,,muuuuu,,corporate,other,https://muuuuu.org/wp-content/uploads/2026/03/image-5.webp,2026-09-03T14:05:47+09:00
muuuuu-23334,The Obsidian Assembly,https://obsidianassembly.com/,https://muuuuu.org/industry/art/23334.html,muuuuu,art,other,other,https://muuuuu.org/wp-content/uploads/2026/03/401.webp,2026-09-03T14:05:47+09:00
muuuuu-23322,AUPALE VODKA,https://www.aupalevodka.com/en/,https://muuuuu.org/industry/food/23322.html,muuuuu,food,other,food,https://muuuuu.org/wp-content/uploads/2026/03/image-4.webp,2026-09-03T14:05:47+09:00
muuuuu-23314,Forging Companies that Pull the Future Forward,https://www.worldquantfoundry.com/,,muuuuu,,other,other,https://muuuuu.org/wp-content/uploads/2026/03/329.webp,2026-09-03T14:05:47+09:00
muuuuu-23256,Meikei High School,https://meikei.ac.jp/,https://muuuuu.org/industry/school/23256.html,muuuuu,school,public,education,https://muuuuu.org/wp-content/uploads/2026/03/27.webp,2026-09-03T14:05:47+09:00
muuuuu-23269,mount inc.,https://mount.jp/,https://muuuuu.org/industry/art/23269.html,muuuuu,art,other,other,https://muuuuu.org/wp-content/uploads/2026/03/328.webp,2026-09-03T14:05:47+09:00
muuuuu-23254,とよたフィルムコミッション,https://toyota-film-commission.jp/,,muuuuu,,other,other,https://muuuuu.org/wp-content/uploads/2026/03/26.webp,2026-09-03T14:05:47+09:00
muuuuu-23252,GENEROSITY inc.,https://generosity.co.jp/,,muuuuu,,corporate,it,https://muuuuu.org/wp-content/uploads/2026/03/25.webp,2026-09-03T14:05:47+09:00
muuuuu-23250,Archidomo,https://www.archidomo.fr/,https://muuuuu.org/industry/building/23250.html,muuuuu,building,other,construction,https://muuuuu.org/wp-content/uploads/2026/03/24.webp,2026-09-03T14:05:47+09:00
muuuuu-23248,採用情報｜住友林業フォレストサービス株式会社,https://www.sumitomoforestry.co.jp/recruit/,https://muuuuu.org/industry/company/23248.html,muuuuu,company,recruit,manufacturing,https://muuuuu.org/wp-content/uploads/2026/03/23.webp,2026-09-03T14:05:47+09:00
muuuuu-23246,令和8年度警視庁採用サイト,https://www.keishicho.metro.tokyo.lg.jp/saiyo/,,muuuuu,,recruit,other,https://muuuuu.org/wp-content/uploads/2026/03/22.webp,2026-09-03T14:05:47+09:00
muuuuu-23234,高忠商会 採用サイト,https://www.takachu.co.jp/recruit/,https://muuuuu.org/industry/company/23234.html,muuuuu,company,recruit,manufacturing,https://muuuuu.org/wp-content/uploads/2026/03/21.webp,2026-09-03T14:05:47+09:00
muuuuu-23229,株式会社ギフティ 採用サイト,https://careers.giftee.co.jp/,,muuuuu,,recruit,other,https://muuuuu.org/wp-content/uploads/2026/03/20.webp,2026-09-03T14:05:47+09:00
muuuuu-23209,Sumu Ueno East,https://service.sumu-hotel.com/ja/ueno-east/,https://muuuuu.org/industry/trip/23209.html,muuuuu,trip,service,other,https://muuuuu.org/wp-content/uploads/2026/03/19.webp,2026-09-03T14:05:47+09:00
muuuuu-23207,GANYMEDE株式会社,https://gnmd.com/,,muuuuu,,corporate,other,https://muuuuu.org/wp-content/uploads/2026/03/18.webp,2026-09-03T14:05:47+09:00
muuuuu-23201,読めない、GUNZE。,https://www.gunze.co.jp/130th/,https://muuuuu.org/industry/fashionall/23201.html,muuuuu,fashionall,corporate,other,https://muuuuu.org/wp-content/uploads/2026/03/17.webp,2026-09-03T14:05:47+09:00
muuuuu-23194,soine,https://soine.jp/,https://muuuuu.org/industry/art/23194.html,muuuuu,art,other,other,https://muuuuu.org/wp-content/uploads/2026/03/15.webp,2026-09-03T14:05:47+09:00
muuuuu-23175,Outsource Consultants,https://oci.madebybuzzworthy.com/,https://muuuuu.org/industry/car/23175.html,muuuuu,car,other,manufacturing,https://muuuuu.org/wp-content/uploads/2026/03/13.webp,2026-09-03T14:05:47+09:00
muuuuu-23187,PARADE,https://paradegroup.ru/,https://muuuuu.org/industry/building/23187.html,muuuuu,building,other,construction,https://muuuuu.org/wp-content/uploads/2026/03/14.webp,2026-09-03T14:05:47+09:00
muuuuu-23165,株式会社ワイケープロデュース,https://ykproduce.co.jp/,,muuuuu,,corporate,other,https://muuuuu.org/wp-content/uploads/2026/03/12.webp,2026-09-03T14:05:47+09:00
muuuuu-23160,シーベジスタンド,https://seavege-stand.com/,https://muuuuu.org/industry/restaurant/23160.html,muuuuu,restaurant,other,other,https://muuuuu.org/wp-content/uploads/2026/03/11-1.webp,2026-09-03T14:05:47+09:00
muuuuu-23141,DoKomi,https://www.dokomi.de/ja,https://muuuuu.org/industry/entertainment/23141.html,muuuuu,entertainment,other,other,https://muuuuu.org/wp-content/uploads/2026/03/09.webp,2026-09-03T14:05:47+09:00
muuuuu-23138,博展 採用サイト,https://recruit.hakuten.co.jp/,,muuuuu,,recruit,other,https://muuuuu.org/wp-content/uploads/2026/03/10.webp,2026-09-03T14:05:47+09:00
muuuuu-23136,FREEDOM X株式会社,https://freedom-x.co.jp/,https://muuuuu.org/industry/building/23136.html,muuuuu,building,corporate,construction,https://muuuuu.org/wp-content/uploads/2026/03/11.webp,2026-09-03T14:05:47+09:00
muuuuu-23130,Dulcedo,https://dulcedo.com/,https://muuuuu.org/industry/fashion/23130.html,muuuuu,fashion,other,other,https://muuuuu.org/wp-content/uploads/2026/03/07.webp,2026-09-03T14:05:47+09:00
muuuuu-23083,JAFTAS®,https://jaftas.jp/,https://muuuuu.org/industry/company/23083.html,muuuuu,company,other,manufacturing,https://muuuuu.org/wp-content/uploads/2026/02/02.webp,2026-09-03T14:05:47+09:00
muuuuu-23111,Telha Clarke,https://telhaclarke.com.au/,https://muuuuu.org/industry/building/23111.html,muuuuu,building,other,construction,https://muuuuu.org/wp-content/uploads/2026/02/06.webp,2026-09-03T14:05:47+09:00
muuuuu-23109,東芝エレベータ｜採用サイト,https://www.toshiba-elevator.co.jp/elv/recruit/shinsotsu/,https://muuuuu.org/industry/company/23109.html,muuuuu,company,recruit,manufacturing,https://muuuuu.org/wp-content/uploads/2026/02/05.webp,2026-09-03T14:05:47+09:00
muuuuu-23102,OKI,https://www.oki.com/global/ja/,https://muuuuu.org/industry/company/23102.html,muuuuu,company,other,manufacturing,https://muuuuu.org/wp-content/uploads/2026/02/04.webp,2026-09-03T14:05:47+09:00
muuuuu-23094,Good Life Meds&#x2122;,https://www.goodlifemeds.com/,,muuuuu,,other,other,https://muuuuu.org/wp-content/uploads/2026/02/03.webp,2026-09-03T14:05:47+09:00
muuuuu-23078,KBCグループ｜ブランドサイト,https://kbc.co.jp/brand/,https://muuuuu.org/industry/art/23078.html,muuuuu,art,corporate,other,https://muuuuu.org/wp-content/uploads/2026/02/01.webp,2026-09-03T14:05:47+09:00
muuuuu-23067,AICHLER（株式会社灘商会）,https://aichler.jp/,https://muuuuu.org/industry/building/23067.html,muuuuu,building,corporate,construction,https://muuuuu.org/wp-content/uploads/2026/02/212126.webp,2026-09-03T14:05:47+09:00
muuuuu-23064,県庁通り商店街,https://f-kenchou-st.com/,,muuuuu,,public,other,https://muuuuu.org/wp-content/uploads/2026/02/27.webp,2026-09-03T14:05:47+09:00
muuuuu-23059,PLAID ALPHA,https://alpha.plaid.co.jp/,,muuuuu,,corporate,it,https://muuuuu.org/wp-content/uploads/2026/02/28.webp,2026-09-03T14:05:47+09:00
muuuuu-23014,ホテル鹿島ノ森,https://kajimanomori.co.jp/,https://muuuuu.org/industry/trip/23014.html,muuuuu,trip,corporate,retail,https://muuuuu.org/wp-content/uploads/2026/02/25.webp,2026-09-03T14:05:47+09:00
muuuuu-23052,ベリーマン株式会社,https://veryman.jp/,,muuuuu,,corporate,other,https://muuuuu.org/wp-content/uploads/2026/02/29.webp,2026-09-03T14:05:47+09:00
