id,pattern,source,title,site_url,detail_url,credits,tags,media,fetched_at
loadmore-water-works-project,mobile,loadmo.re,Water Works Project,,https://loadmo.re/posts/water-works-project,Field Records,,https://loadmo.re/media/pages/posts/water-works-project/7e78a67a3d-1768238507/waterworksproject-hp.mp4,2026-09-14T12:12:12+09:00
loadmore-we-are-too-busy-foundation,mobile,loadmo.re,Too Busy Foundation,,https://loadmo.re/posts/we-are-too-busy-foundation,by,,https://loadmo.re/media/pages/posts/we-are-too-busy-foundation/a6839711f9-1768238303/wearetoobusy-hp.mp4,2026-09-14T12:12:12+09:00
loadmore-sabrina-zeltner,mobile,loadmo.re,Sabrina Zeltner,,https://loadmo.re/posts/sabrina-zeltner,,,https://loadmo.re/media/pages/posts/sabrina-zeltner/1876c6860a-1768237897/sabrinazeltner-hp.mp4,2026-09-14T12:12:12+09:00
loadmore-ntgent,mobile,loadmo.re,Ntgent,,https://loadmo.re/posts/ntgent,by,,https://loadmo.re/media/pages/posts/ntgent/bf147ad09f-1768237739/ntgent-hp.mp4,2026-09-14T12:12:12+09:00
loadmore-fast-cash-money,mobile,loadmo.re,Fast Cash Money,,https://loadmo.re/posts/fast-cash-money,by,,https://loadmo.re/media/pages/posts/fast-cash-money/58fbe57d81-1768237565/fastcashmoney-hp.mp4,2026-09-14T12:12:12+09:00
loadmore-christie-wu,mobile,loadmo.re,Christie Wu,,https://loadmo.re/posts/christie-wu,by,,https://loadmo.re/media/pages/posts/christie-wu/45ed4f85c6-1768237201/christiewu-hp.mp4,2026-09-14T12:12:12+09:00
loadmore-kris-ludi,mobile,loadmo.re,Kris Ludi,,https://loadmo.re/posts/kris-ludi,by,,https://loadmo.re/media/pages/posts/kris-ludi/b212782d0b-1767802324/krisludi-hp.mp4,2026-09-14T12:12:12+09:00
loadmore-in-common-with,mobile,loadmo.re,In Common With,,https://loadmo.re/posts/in-common-with,,,https://loadmo.re/media/pages/posts/in-common-with/9c6961502e-1767802199/incommonwith-hp.mp4,2026-09-14T12:12:12+09:00
loadmore-glitch-mcconnell,mobile,loadmo.re,Glitch Mcconnell,,https://loadmo.re/posts/glitch-mcconnell,by,,https://loadmo.re/media/pages/posts/glitch-mcconnell/d2745f9cdf-1767802045/glitchmcconnell-hp.mp4,2026-09-14T12:12:12+09:00
loadmore-fuck-investments,mobile,loadmo.re,Fuck Investments,,https://loadmo.re/posts/fuck-investments,by,,https://loadmo.re/media/pages/posts/fuck-investments/6fe472c15d-1767801896/fuckinvestments-hp.mp4,2026-09-14T12:12:12+09:00
loadmore-blink,mobile,loadmo.re,Blink,,https://loadmo.re/posts/blink,by,,https://loadmo.re/media/pages/posts/blink/4a74ed01dc-1767801639/blink-hp.mp4,2026-09-14T12:12:12+09:00
loadmore-axis-mundi,mobile,loadmo.re,Axis Mundi,,https://loadmo.re/posts/axis-mundi,by,,https://loadmo.re/media/pages/posts/axis-mundi/aefe25990c-1767801426/axis-mundi-hp.mp4,2026-09-14T12:12:12+09:00
loadmore-andrea-perato,mobile,loadmo.re,Andrea Perato,,https://loadmo.re/posts/andrea-perato,by,,https://loadmo.re/media/pages/posts/andrea-perato/6f83369594-1767801186/andreaperato-hp.mp4,2026-09-14T12:12:12+09:00
loadmore-american-haiku,mobile,loadmo.re,American Haiku,,https://loadmo.re/posts/american-haiku,,,https://loadmo.re/media/pages/posts/american-haiku/9be9f280c3-1767801057/americanhaiku-hp.mp4,2026-09-14T12:12:12+09:00
loadmore-my-smol-site,mobile,loadmo.re,My Smol Site,,https://loadmo.re/posts/my-smol-site,by,,https://loadmo.re/media/pages/posts/my-smol-site/701de0ba10-1767800849/mysmolsite-hp.mp4,2026-09-14T12:12:12+09:00
loadmore-messenger,mobile,loadmo.re,Messenger,,https://loadmo.re/posts/messenger,by,,https://loadmo.re/media/pages/posts/messenger/85985e07fe-1765558546/messenger-hp.mp4,2026-09-14T12:12:12+09:00
loadmore-wandering-wondering-rocks,mobile,loadmo.re,Wandering Wondering Rocks,,https://loadmo.re/posts/wandering-wondering-rocks,by,,https://loadmo.re/media/pages/posts/wandering-wondering-rocks/e3cade2ad5-1765550920/wanderingrocksgraveyard-hp.mp4,2026-09-14T12:12:12+09:00
loadmore-balenciaga-lookbook-videogame,mobile,loadmo.re,Balenciaga Lookbook Videogame,,https://loadmo.re/posts/balenciaga-lookbook-videogame,,,https://loadmo.re/media/pages/posts/balenciaga-lookbook-videogame/1c84e83e4c-1765550748/videogamebalenciaga-hp.mp4,2026-09-14T12:12:12+09:00
loadmore-stand-in-school-for-graphic-design,mobile,loadmo.re,Stand in School for Graphic Design,,https://loadmo.re/posts/stand-in-school-for-graphic-design,by,,https://loadmo.re/media/pages/posts/stand-in-school-for-graphic-design/bdc7107795-1765550419/school-for-graphic-design-lisbon-hp.mp4,2026-09-14T12:12:12+09:00
loadmore-narrow-design,mobile,loadmo.re,Narrow Design,,https://loadmo.re/posts/narrow-design,by,,https://loadmo.re/media/pages/posts/narrow-design/de7ce738c1-1765550277/narrowdesign-hp.mp4,2026-09-14T12:12:12+09:00
loadmore-saaaam,mobile,loadmo.re,Saaaam,,https://loadmo.re/posts/saaaam,by,,https://loadmo.re/media/pages/posts/saaaam/b0c5e376d6-1765549970/saaaam-hp.mp4,2026-09-14T12:12:12+09:00
loadmore-glossary-of-time,mobile,loadmo.re,Glossary of Time,,https://loadmo.re/posts/glossary-of-time,by,,https://loadmo.re/media/pages/posts/glossary-of-time/78b803fc47-1765549138/glossaryoftime-hp.mp4,2026-09-14T12:12:12+09:00
loadmore-colour-mapper,mobile,loadmo.re,Colour Mapper,,https://loadmo.re/posts/colour-mapper,by,,https://loadmo.re/media/pages/posts/colour-mapper/10f0d50850-1765548797/colour-mapper-hp.mp4,2026-09-14T12:12:12+09:00
loadmore-rude-captcha,mobile,loadmo.re,Rude Captcha,,https://loadmo.re/posts/rude-captcha,by,,https://loadmo.re/media/pages/posts/rude-captcha/3172c42921-1747811353/rudecaptcha-hp-min.mp4,2026-09-14T12:12:12+09:00
loadmore-slingshot-camera,mobile,loadmo.re,Slingshot Camera,,https://loadmo.re/posts/slingshot-camera,by,,https://loadmo.re/media/pages/posts/slingshot-camera/f0f64e13b5-1747809464/slingshotcamera-hp-min.mp4,2026-09-14T12:12:12+09:00
loadmore-united-fabric,mobile,loadmo.re,United Fabric,,https://loadmo.re/posts/united-fabric,,,https://loadmo.re/media/pages/posts/united-fabric/2fd4874f5b-1747760956/unitedfabrics-hp-min.mp4,2026-09-14T12:12:12+09:00
loadmore-the-sea-between-us,mobile,loadmo.re,The Sea Between Us,,https://loadmo.re/posts/the-sea-between-us,by,,https://loadmo.re/media/pages/posts/the-sea-between-us/7c2242c947-1747760531/thespacebetweenus-hp-min.mp4,2026-09-14T12:12:12+09:00
loadmore-a-black-sun,mobile,loadmo.re,A Black Sun,,https://loadmo.re/posts/a-black-sun,by,,https://loadmo.re/media/pages/posts/a-black-sun/53130eb305-1747760153/ablacksun-hp-min.mp4,2026-09-14T12:12:12+09:00
loadmore-centrer-for-planetary-pedagogies,mobile,loadmo.re,Centrer for Planetary Pedagogies,,https://loadmo.re/posts/centrer-for-planetary-pedagogies,by,,https://loadmo.re/media/pages/posts/centrer-for-planetary-pedagogies/3b968cc35c-1747759846/centrerforplanetarypedagogies-hp-min.mp4,2026-09-14T12:12:12+09:00
loadmore-paula-de-alvaro,mobile,loadmo.re,Paula De Álvaro,,https://loadmo.re/posts/paula-de-alvaro,,,https://loadmo.re/media/pages/posts/paula-de-alvaro/8bab218367-1747759134/pauladealvaro-hp-min.mp4,2026-09-14T12:12:12+09:00
navbar-supaste.com,navbar,navbar.gallery,supaste.com,https://www.supaste.com/,,,,,2026-09-14T12:12:12+09:00
navbar-chesapeakeplywood.com,navbar,navbar.gallery,chesapeakeplywood.com,https://chesapeakeplywood.com/,,,,,2026-09-14T12:12:12+09:00
navbar-velt.dev,navbar,navbar.gallery,velt.dev,https://velt.dev/,,,,,2026-09-14T12:12:12+09:00
navbar-clonix.framer.website,navbar,navbar.gallery,clonix.framer.website,https://clonix.framer.website/,,,,,2026-09-14T12:12:12+09:00
navbar-aveon.framer.website,navbar,navbar.gallery,aveon.framer.website,https://aveon.framer.website/,,,,,2026-09-14T12:12:12+09:00
navbar-orchid.ai,navbar,navbar.gallery,orchid.ai,https://orchid.ai/,,,,,2026-09-14T12:12:12+09:00
navbar-cloudflare.com,navbar,navbar.gallery,cloudflare.com,https://www.cloudflare.com/,,,,,2026-09-14T12:12:12+09:00
navbar-consensys.io,navbar,navbar.gallery,consensys.io,https://consensys.io/,,,,,2026-09-14T12:12:12+09:00
navbar-bigdirty.agency,navbar,navbar.gallery,bigdirty.agency,https://www.bigdirty.agency/,,,,,2026-09-14T12:12:12+09:00
navbar-hosierbrown.framer.website,navbar,navbar.gallery,hosierbrown.framer.website,https://hosierbrown.framer.website/,,,,,2026-09-14T12:12:12+09:00
navbar-browserbase.com,navbar,navbar.gallery,browserbase.com,https://www.browserbase.com/,,,,,2026-09-14T12:12:12+09:00
navbar-escape.cafe,navbar,navbar.gallery,escape.cafe,https://escape.cafe/fr?ref=navbar.gallery,,,,,2026-09-14T12:12:12+09:00
navbar-bud.app,navbar,navbar.gallery,bud.app,https://bud.app/,,,,,2026-09-14T12:12:12+09:00
cta-iconstica.com,cta,cta.gallery,iconstica.com,https://www.iconstica.com/,,,,,2026-09-14T12:12:12+09:00
cta-webestica.com,cta,cta.gallery,webestica.com,https://www.webestica.com/bootstrap-templates,,,,,2026-09-14T12:12:12+09:00
cta-hello-world.studio,cta,cta.gallery,hello-world.studio,https://www.hello-world.studio/,,,,,2026-09-14T12:12:12+09:00
cta-svz.io,cta,cta.gallery,svz.io,https://www.svz.io/,,,,,2026-09-14T12:12:12+09:00
cta-hiartem.com,cta,cta.gallery,hiartem.com,https://hiartem.com/,,,,,2026-09-14T12:12:12+09:00
cta-counterpublic.org,cta,cta.gallery,counterpublic.org,https://counterpublic.org/,,,,,2026-09-14T12:12:12+09:00
cta-mojostudio.co,cta,cta.gallery,mojostudio.co,https://mojostudio.co/,,,,,2026-09-14T12:12:12+09:00
cta-greenboard.com,cta,cta.gallery,greenboard.com,https://www.greenboard.com/,,,,,2026-09-14T12:12:12+09:00
cta-andreigorskikh.digital,cta,cta.gallery,andreigorskikh.digital,https://andreigorskikh.digital/,,,,,2026-09-14T12:12:12+09:00
cta-ally.co,cta,cta.gallery,ally.co,https://ally.co/,,,,,2026-09-14T12:12:12+09:00
cta-fora.so,cta,cta.gallery,fora.so,https://fora.so/,,,,,2026-09-14T12:12:12+09:00
cta-withbobbin.com,cta,cta.gallery,withbobbin.com,https://withbobbin.com/,,,,,2026-09-14T12:12:12+09:00
cta-aaavatar.nl,cta,cta.gallery,aaavatar.nl,https://aaavatar.nl/,,,,,2026-09-14T12:12:12+09:00
cta-milopet.com,cta,cta.gallery,milopet.com,https://milopet.com/,,,,,2026-09-14T12:12:12+09:00
cta-orchestra.bio,cta,cta.gallery,orchestra.bio,https://orchestra.bio/,,,,,2026-09-14T12:12:12+09:00
cta-fctrylab.com,cta,cta.gallery,fctrylab.com,https://fctrylab.com/,,,,,2026-09-14T12:12:12+09:00
cta-builderstable.net,cta,cta.gallery,builderstable.net,https://builderstable.net/,,,,,2026-09-14T12:12:12+09:00
cta-nor.ma,cta,cta.gallery,nor.ma,https://nor.ma/,,,,,2026-09-14T12:12:12+09:00
cta-enjoylelick.com,cta,cta.gallery,enjoylelick.com,https://enjoylelick.com/,,,,,2026-09-14T12:12:12+09:00
cta-cm.studio,cta,cta.gallery,cm.studio,https://www.cm.studio/,,,,,2026-09-14T12:12:12+09:00
cta-elegantseagulls.com,cta,cta.gallery,elegantseagulls.com,https://www.elegantseagulls.com/,,,,,2026-09-14T12:12:12+09:00
cta-houseofhoney.com,cta,cta.gallery,houseofhoney.com,https://www.houseofhoney.com/,,,,,2026-09-14T12:12:12+09:00
cta-ente.com,cta,cta.gallery,ente.com,https://ente.com/,,,,,2026-09-14T12:12:12+09:00
cta-waxyweb.agency,cta,cta.gallery,waxyweb.agency,https://www.waxyweb.agency/,,,,,2026-09-14T12:12:12+09:00
cta-mindoo.ai,cta,cta.gallery,mindoo.ai,https://mindoo.ai/,,,,,2026-09-14T12:12:12+09:00
cta-drinksom.eu,cta,cta.gallery,drinksom.eu,https://www.drinksom.eu/,,,,,2026-09-14T12:12:12+09:00
cta-heidihealth.com,cta,cta.gallery,heidihealth.com,https://www.heidihealth.com/en-gb,,,,,2026-09-14T12:12:12+09:00
cta-wearedirect.co,cta,cta.gallery,wearedirect.co,https://wearedirect.co/,,,,,2026-09-14T12:12:12+09:00
cta-quatrecentquatre.com,cta,cta.gallery,quatrecentquatre.com,https://quatrecentquatre.com/en,,,,,2026-09-14T12:12:12+09:00
cta-cantor8.io,cta,cta.gallery,cantor8.io,https://www.cantor8.io/,,,,,2026-09-14T12:12:12+09:00
cta-wolverineworldwide.com,cta,cta.gallery,wolverineworldwide.com,https://wolverineworldwide.com/,,,,,2026-09-14T12:12:12+09:00
cta-understory.io,cta,cta.gallery,understory.io,https://understory.io/,,,,,2026-09-14T12:12:12+09:00
cta-rootsquare.academy,cta,cta.gallery,rootsquare.academy,https://rootsquare.academy/,,,,,2026-09-14T12:12:12+09:00
cta-aircenter.space,cta,cta.gallery,aircenter.space,https://aircenter.space/,,,,,2026-09-14T12:12:12+09:00
cta-victorialavine.com,cta,cta.gallery,victorialavine.com,https://www.victorialavine.com/,,,,,2026-09-14T12:12:12+09:00
cta-ruul.io,cta,cta.gallery,ruul.io,https://ruul.io/,,,,,2026-09-14T12:12:12+09:00
